Data;     ClienteID;FuncionarioID;ValorFrete;CupomID;EmpresaFrete;DataEntrega
22/03/2018;78;11;12,45;11083;Freight Express;05/04/2018
21/11/2016;62;3;20,01;11082;One Liners;24/11/2016
16/09/2017;64;3;20,36;11081;One Liners;03/10/2017
02/07/2017;80;11;20,53;11080;Freight Express;04/07/2017
16/09/2016;28;5;20,61;11079;Ship for U;29/09/2016
29/09/2017;79;7;20,88;11078;One Liners;13/10/2017
30/11/2014;61;2;21,08;11077;One Liners;19/12/2014
02/09/2016;32;11;21,15;11076;Freight Express;10/09/2016
05/11/2017;87;7;21,29;11075;One Liners;07/11/2017
06/03/2017;32;11;21,31;11074;Freight Express;24/03/2017
22/08/2017;79;68;21,35;11073;One Liners;03/09/2017
11/11/2017;54;3;21,39;11072;One Liners;25/11/2017
04/06/2017;69;5;21,46;11071;Ship for U;19/06/2017
11/05/2017;88;2;21,48;11070;One Liners;21/05/2017
22/01/2017;27;56;21,49;11069;Ship for U;05/02/2017
06/03/2018;46;9;21,62;11068;One Liners;23/03/2018
08/07/2015;82;11;21,74;11067;Freight Express;27/07/2015
30/03/2018;19;3;21,76;11066;One Liners;15/04/2018
28/10/2017;31;9;21,83;11065;One Liners;02/11/2017
16/11/2016;69;14;21,86;11064;Ship for U;01/12/2016
27/09/2015;32;11;21,89;11063;Freight Express;14/10/2015
26/11/2017;35;3;21,92;11062;One Liners;15/12/2017
12/12/2016;37;9;21,92;11061;One Liners;03/01/2017
17/11/2016;69;5;22,03;11060;Ship for U;27/11/2016
07/08/2016;1;68;22,22;11059;One Liners;22/08/2016
11/10/2014;46;2;22,4;11058;One Liners;24/10/2014
28/12/2017;26;68;22,41;11057;One Liners;01/01/2018
22/03/2016;32;11;22,48;11056;Freight Express;04/04/2016
20/01/2018;51;11;22,5;11055;Freight Express;05/02/2018
18/10/2016;19;3;22,56;11054;One Liners;30/10/2016
19/01/2017;31;3;22,66;11053;One Liners;03/02/2017
04/02/2015;89;2;22,69;11052;One Liners;22/02/2015
24/12/2017;18;56;22,76;11051;Ship for U;07/01/2018
15/03/2017;44;68;22,82;11050;One Liners;30/03/2017
19/06/2016;86;68;22,86;11049;One Liners;05/07/2016
11/03/2018;30;5;22,92;11048;Ship for U;28/03/2018
11/01/2015;80;11;22,95;11047;Freight Express;19/01/2015
24/03/2017;73;9;23,04;11046;One Liners;05/04/2017
19/02/2017;1;68;23,05;11045;One Liners;25/02/2017
19/09/2016;26;7;23,05;11044;One Liners;22/09/2016
23/01/2017;37;3;23,09;11043;One Liners;03/02/2017
27/07/2015;46;3;23,11;11042;One Liners;13/08/2015
28/02/2016;41;14;23,12;11041;Ship for U;18/03/2016
25/06/2017;23;56;23,19;11040;Ship for U;06/07/2017
15/07/2017;76;5;23,2;11039;Ship for U;28/07/2017
16/06/2015;37;3;23,33;11038;One Liners;17/06/2015
21/03/2017;46;3;23,35;11037;One Liners;10/04/2017
10/07/2017;91;68;23,47;11036;One Liners;18/07/2017
06/10/2017;63;68;23,51;11035;One Liners;27/10/2017
07/02/2017;37;9;23,56;11034;One Liners;26/02/2017
03/03/2015;29;14;23,84;11033;Ship for U;22/03/2015
04/07/2017;22;14;23,89;11032;Ship for U;19/07/2017
26/09/2016;63;7;23,98;11031;One Liners;10/10/2016
28/02/2017;59;5;24;11030;Ship for U;02/03/2017
26/03/2017;21;2;24,02;11029;One Liners;07/04/2017
09/06/2017;62;3;24,03;11028;One Liners;24/06/2017
13/03/2017;2;3;24,44;11027;One Liners;19/03/2017
01/06/2017;80;11;24,52;11026;Freight Express;15/06/2017
05/08/2015;48;11;24,58;11025;Freight Express;13/08/2015
07/01/2018;58;7;24,83;11024;One Liners;15/01/2018
23/12/2017;63;7;24,88;11023;One Liners;28/12/2017
13/08/2017;1;68;24,92;11022;One Liners;22/08/2017
07/04/2018;79;7;24,92;11021;One Liners;22/04/2018
20/08/2017;58;7;25;11020;One Liners;24/08/2017
05/10/2016;63;7;25,1;11019;One Liners;16/10/2016
22/03/2017;44;68;25,14;11018;One Liners;09/04/2017
28/11/2016;1;68;25,25;11017;One Liners;11/12/2016
26/10/2016;91;68;25,3;11016;One Liners;29/10/2016
13/11/2016;5;9;25,36;11015;One Liners;26/11/2016
20/04/2017;5;9;25,42;11014;One Liners;06/05/2017
23/11/2017;46;3;25,47;11013;One Liners;10/12/2017
15/04/2015;10;11;25,49;11012;Freight Express;27/04/2015
10/10/2016;25;7;25,5;11011;One Liners;13/10/2016
11/03/2018;37;9;25,5;11010;One Liners;17/03/2018
08/01/2017;89;2;25,54;11009;One Liners;20/01/2017
27/07/2017;47;3;25,61;11008;One Liners;13/08/2017
15/08/2017;58;68;25,62;11007;One Liners;23/08/2017
12/08/2015;32;11;25,64;11006;Freight Express;19/08/2015
04/05/2017;19;3;25,71;11005;One Liners;14/05/2017
05/08/2017;32;11;25,77;11004;Freight Express;15/08/2017
07/04/2018;19;3;25,87;11003;One Liners;21/04/2018
01/02/2017;51;11;25,96;11002;Freight Express;14/02/2017
15/09/2016;89;3;25,96;11001;One Liners;16/09/2016
01/06/2017;29;5;26,05;11000;Ship for U;04/06/2017
08/07/2015;15;9;26,06;10999;One Liners;25/07/2015
12/11/2017;9;14;26,13;10998;Ship for U;25/11/2017
26/04/2017;7;5;26,24;10997;Ship for U;13/05/2017
11/08/2017;25;68;26,25;10996;One Liners;18/08/2017
19/12/2016;25;7;26,27;10995;One Liners;22/12/2016
01/08/2016;84;5;26,28;10994;Ship for U;12/08/2016
30/01/2018;19;3;26,34;10993;One Liners;13/02/2018
25/06/2015;23;56;26,41;10992;Ship for U;08/07/2015
07/01/2016;20;14;26,43;10991;Ship for U;22/01/2016
13/04/2017;17;7;26,47;10990;One Liners;20/04/2017
16/10/2017;32;11;26,55;10989;Freight Express;28/10/2017
16/06/2015;11;2;26,66;10988;One Liners;05/07/2015
23/06/2017;31;9;26,74;10987;One Liners;06/07/2017
09/12/2017;40;5;26,94;10986;Ship for U;16/12/2017
14/03/2017;6;7;26,97;10985;One Liners;20/03/2017
21/07/2017;19;3;27,01;10984;One Liners;23/07/2017
30/10/2015;80;11;27,16;10983;Freight Express;31/10/2015
17/02/2018;46;9;27,5;10982;One Liners;02/03/2018
03/02/2016;71;3;27,57;10981;One Liners;12/02/2016
24/03/2017;62;3;27,74;10980;One Liners;11/04/2017
05/09/2017;77;11;27,96;10979;Freight Express;07/09/2017
19/02/2017;79;68;28,19;10978;One Liners;20/02/2017
08/08/2017;1;7;28,2;10977;One Liners;28/08/2017
09/02/2015;21;2;28,29;10976;One Liners;17/02/2015
22/02/2017;1;7;28,47;10975;One Liners;28/02/2017
23/07/2017;42;11;28,48;10974;Freight Express;01/08/2017
21/10/2016;17;68;28,49;10973;One Liners;29/10/2016
22/02/2016;84;14;28,49;10972;Ship for U;05/03/2016
24/09/2016;32;11;28,5;10971;Freight Express;07/10/2016
12/07/2017;37;3;28,52;10970;One Liners;25/07/2017
05/02/2018;1;7;28,57;10969;One Liners;08/02/2018
28/10/2016;7;5;28,57;10968;Ship for U;01/11/2016
27/11/2016;32;11;28,61;10967;Freight Express;08/12/2016
06/10/2016;44;7;28,66;10966;One Liners;20/10/2016
20/09/2017;47;3;28,77;10965;One Liners;04/10/2017
19/10/2017;17;7;28,79;10964;One Liners;06/11/2017
31/08/2016;38;9;28,88;10963;One Liners;09/09/2016
20/04/2015;37;3;29,01;10962;One Liners;03/05/2015
03/03/2016;46;9;29,04;10961;One Liners;15/03/2016
08/08/2015;32;11;29,05;10960;Freight Express;10/08/2015
09/06/2015;16;2;29,06;10959;One Liners;27/06/2015
05/09/2017;56;7;29,16;10958;One Liners;20/09/2017
08/10/2016;79;7;29,2;10957;One Liners;19/10/2016
18/08/2016;58;68;29,44;10956;One Liners;28/08/2016
25/05/2017;54;3;29,47;10955;One Liners;30/05/2017
21/06/2017;4;9;29,59;10954;One Liners;03/07/2017
11/12/2016;19;9;29,65;10953;One Liners;12/12/2016
09/11/2016;73;9;29,81;10952;One Liners;21/11/2016
25/09/2017;80;11;29,84;10951;Freight Express;06/10/2017
15/09/2015;37;3;29,87;10950;One Liners;16/09/2015
20/04/2017;73;9;29,88;10949;One Liners;03/05/2017
24/06/2015;63;68;30,01;10948;One Liners;02/07/2015
21/04/2016;44;68;30,02;10947;One Liners;28/04/2016
18/06/2017;30;5;30,03;10946;Ship for U;24/06/2017
29/11/2017;90;9;30,08;10945;One Liners;14/12/2017
25/12/2015;39;3;30,09;10944;One Liners;31/12/2015
23/10/2015;13;3;30,11;10943;One Liners;01/11/2015
19/07/2017;34;3;30,11;10942;One Liners;02/08/2017
23/10/2015;82;11;30,11;10941;Freight Express;06/11/2015
07/11/2017;62;2;30,16;10940;One Liners;18/11/2017
16/06/2017;42;11;30,3;10939;Freight Express;03/07/2017
31/07/2015;39;3;30,41;10938;One Liners;16/08/2015
30/12/2017;42;11;30,43;10937;Freight Express;08/01/2018
21/03/2017;46;3;30,44;10936;One Liners;07/04/2017
13/11/2017;63;7;30,44;10935;One Liners;28/11/2017
25/01/2017;60;14;30,45;10934;Ship for U;06/02/2017
23/08/2017;89;9;30,6;10933;One Liners;04/09/2017
21/06/2017;73;9;30,61;10932;One Liners;28/06/2017
14/02/2016;19;9;30,63;10931;One Liners;17/02/2016
27/10/2017;63;7;30,64;10930;One Liners;02/11/2017
01/02/2018;73;3;30,83;10929;One Liners;12/02/2018
07/07/2017;1;68;30,9;10928;One Liners;10/07/2017
18/04/2017;41;5;30,97;10927;Ship for U;19/04/2017
02/03/2017;2;2;31,1;10926;One Liners;20/03/2017
05/09/2017;33;3;31,11;10925;One Liners;06/09/2017
01/08/2016;39;3;31,17;10924;One Liners;15/08/2016
10/03/2017;63;7;31,17;10923;One Liners;23/03/2017
25/09/2016;80;11;31,24;10922;Freight Express;30/09/2016
05/02/2017;62;3;31,39;10921;One Liners;09/02/2017
19/03/2018;10;11;31,41;10920;Freight Express;23/03/2018
08/01/2017;63;7;31,5;10919;One Liners;10/01/2017
26/09/2016;37;3;31,69;10918;One Liners;30/09/2016
07/07/2015;44;68;31,75;10917;One Liners;21/07/2015
01/12/2016;37;3;31,78;10916;One Liners;08/12/2016
05/02/2017;80;11;31,78;10915;Freight Express;19/02/2017
26/06/2015;61;2;31,83;10914;One Liners;05/07/2015
18/04/2016;5;9;31,84;10913;One Liners;01/05/2016
31/03/2016;36;11;31,84;10912;Freight Express;16/04/2016
27/07/2017;23;56;31,88;10911;Ship for U;03/08/2017
10/10/2017;32;11;31,89;10910;Freight Express;26/10/2017
24/09/2016;23;56;31,92;10909;Ship for U;10/10/2016
09/06/2017;5;3;31,99;10908;One Liners;22/06/2017
16/11/2016;44;68;32,07;10907;One Liners;19/11/2016
29/11/2016;61;3;32,08;10906;One Liners;08/12/2016
21/06/2017;30;5;32,12;10905;Ship for U;30/06/2017
31/07/2015;39;9;32,32;10904;One Liners;11/08/2015
23/07/2017;23;56;32,34;10903;Ship for U;27/07/2017
10/09/2016;47;3;32,34;10902;One Liners;26/09/2016
25/05/2017;73;9;32,36;10901;One Liners;04/06/2017
15/07/2017;69;14;32,37;10900;Ship for U;31/07/2017
21/08/2016;82;11;32,38;10899;Freight Express;12/09/2016
06/10/2017;4;3;32,43;10898;One Liners;20/10/2017
08/07/2017;63;7;32,59;10897;One Liners;17/07/2017
30/10/2017;87;68;32,72;10896;One Liners;31/10/2017
21/03/2017;5;9;32,8;10895;One Liners;30/03/2017
11/06/2017;19;3;32,82;10894;One Liners;17/06/2017
12/08/2017;17;68;32,88;10893;One Liners;29/08/2017
30/12/2016;73;3;32,96;10892;One Liners;12/01/2017
12/03/2018;24;68;33,18;10891;One Liners;13/03/2018
28/08/2014;65;2;33,19;10890;One Liners;07/09/2014
16/02/2018;59;5;33,28;10889;Ship for U;19/02/2018
26/07/2015;71;9;33,5;10888;One Liners;27/07/2015
25/09/2016;82;11;33,52;10887;Freight Express;06/10/2016
03/05/2016;32;11;33,57;10886;Freight Express;16/05/2016
01/03/2015;19;2;33,65;10885;One Liners;18/03/2015
28/11/2017;60;5;33,73;10884;Ship for U;13/12/2017
18/12/2016;73;3;33,74;10883;One Liners;31/12/2016
19/10/2016;35;9;33,98;10882;One Liners;26/10/2016
15/06/2017;49;56;34,2;10881;Ship for U;25/06/2017
21/02/2017;82;11;34,33;10880;Freight Express;24/02/2017
13/08/2017;86;7;34,34;10879;One Liners;26/08/2017
09/11/2017;82;11;34,42;10878;Freight Express;15/11/2017
15/01/2017;37;9;34,44;10877;One Liners;24/01/2017
27/12/2017;15;9;34,54;10876;One Liners;01/01/2018
30/07/2017;59;5;34,67;10875;Ship for U;20/08/2017
20/03/2016;19;3;34,69;10874;One Liners;01/04/2016
15/08/2017;80;11;34,81;10873;Freight Express;02/09/2017
11/05/2015;7;14;34,85;10872;Ship for U;17/05/2015
05/10/2016;63;7;34,85;10871;One Liners;10/10/2016
09/02/2017;31;9;34,9;10870;One Liners;23/02/2017
11/06/2015;49;56;34,95;10869;Ship for U;21/06/2015
02/03/2015;3;2;35,04;10868;One Liners;09/03/2015
09/11/2017;85;5;35,09;10867;Ship for U;27/11/2017
05/08/2017;19;2;35,17;10866;One Liners;14/08/2017
04/10/2016;61;3;35,34;10865;One Liners;25/10/2016
28/07/2017;59;5;35,5;10864;Ship for U;18/08/2017
08/07/2017;58;68;35,77;10863;One Liners;22/07/2017
01/09/2017;30;5;35,87;10862;Ship for U;08/09/2017
20/09/2016;5;3;35,9;10861;One Liners;23/09/2016
18/09/2015;51;11;35,9;10860;Freight Express;05/10/2015
18/03/2016;82;11;35,9;10859;Freight Express;01/04/2016
15/04/2015;42;11;35,94;10858;Freight Express;21/04/2015
27/12/2015;43;11;36,41;10857;Freight Express;28/12/2015
16/08/2016;24;68;36,46;10856;One Liners;24/08/2016
20/08/2015;68;56;36,46;10855;Ship for U;31/08/2015
05/04/2018;73;3;36,49;10854;One Liners;20/04/2018
31/05/2017;17;68;36,54;10853;One Liners;15/06/2017
17/10/2016;32;11;36,64;10852;Freight Express;19/10/2016
29/07/2016;89;2;36,66;10851;One Liners;05/08/2016
21/03/2017;59;14;36,98;10850;Ship for U;29/03/2017
15/07/2017;66;56;37,02;10849;Ship for U;27/07/2017
21/03/2018;3;3;37,11;10848;One Liners;28/03/2018
12/12/2016;48;11;37,12;10847;Freight Express;20/12/2016
27/11/2017;34;3;37,24;10846;One Liners;16/12/2017
06/11/2017;48;11;37,25;10845;Freight Express;17/11/2017
15/12/2016;20;5;37,26;10844;Ship for U;17/12/2016
17/09/2015;87;68;37,28;10843;One Liners;30/09/2015
18/06/2015;38;3;37,32;10842;One Liners;23/06/2015
26/07/2015;32;11;37,33;10841;Freight Express;07/08/2015
12/08/2017;42;11;37,35;10840;Freight Express;17/08/2017
28/01/2016;37;9;37,44;10839;One Liners;31/01/2016
29/07/2015;84;14;37,46;10838;Ship for U;14/08/2015
14/12/2016;48;11;37,6;10837;Freight Express;29/12/2016
16/04/2016;59;14;37,63;10836;Ship for U;21/04/2016
19/07/2016;37;3;37,65;10835;One Liners;01/08/2016
20/03/2017;31;3;37,72;10834;One Liners;05/04/2017
22/04/2017;73;9;37,76;10833;One Liners;08/05/2017
29/07/2017;32;11;37,77;10832;Freight Express;13/08/2017
01/02/2017;89;2;37,82;10831;One Liners;13/02/2017
15/09/2015;89;9;37,89;10830;One Liners;29/09/2015
24/07/2017;19;9;37,91;10829;One Liners;13/08/2017
27/02/2017;49;56;38,01;10828;Ship for U;17/03/2017
20/03/2015;5;3;38,06;10827;One Liners;27/03/2015
27/12/2017;79;68;38,06;10826;One Liners;28/12/2017
06/04/2018;84;14;38,16;10825;Ship for U;21/04/2018
24/11/2016;35;9;38,27;10824;One Liners;09/12/2016
29/09/2017;39;9;38,38;10823;One Liners;04/10/2017
29/03/2016;17;68;38,41;10822;One Liners;10/04/2016
04/12/2016;51;11;38,44;10821;Freight Express;07/12/2016
01/11/2017;5;3;38,51;10820;One Liners;10/11/2017
12/09/2015;46;9;38,53;10819;One Liners;22/09/2015
23/01/2018;76;5;38,64;10818;Ship for U;05/02/2018
28/10/2016;91;68;38,74;10817;One Liners;09/11/2016
05/09/2015;44;68;38,79;10816;One Liners;15/09/2015
01/01/2016;23;56;38,95;10815;Ship for U;11/01/2016
29/12/2016;56;7;38,97;10814;One Liners;10/01/2017
02/05/2017;3;9;39,03;10813;One Liners;18/05/2017
16/11/2015;24;7;39,08;10812;One Liners;03/12/2015
21/10/2016;49;56;39,12;10811;Ship for U;05/11/2016
27/04/2017;39;9;39,15;10810;One Liners;04/05/2017
26/01/2016;84;5;39,15;10809;Ship for U;10/02/2016
28/07/2017;19;9;39,19;10808;One Liners;30/07/2017
16/02/2018;68;56;39,35;10807;Ship for U;20/02/2018
08/08/2017;38;3;39,56;10806;One Liners;20/08/2017
14/07/2017;17;7;39,69;10805;One Liners;01/08/2017
27/10/2015;82;11;40,04;10804;Freight Express;06/11/2015
07/09/2015;37;9;40,24;10803;One Liners;18/09/2015
07/09/2015;65;3;40,25;10802;One Liners;21/09/2015
13/03/2018;50;5;40,32;10801;Ship for U;19/03/2018
31/05/2017;62;3;40,33;10800;One Liners;11/06/2017
22/05/2017;73;3;40,44;10799;One Liners;06/06/2017
19/06/2015;82;11;40,45;10798;Freight Express;04/07/2015
10/01/2017;89;3;40,47;10797;One Liners;13/01/2017
09/09/2017;32;11;40,54;10796;Freight Express;25/09/2017
10/03/2018;1;68;40,58;10795;One Liners;25/03/2018
06/10/2017;47;3;40,63;10794;One Liners;16/10/2017
08/10/2016;56;68;40,63;10793;One Liners;22/10/2016
07/08/2017;44;68;40,64;10792;One Liners;17/08/2017
20/07/2016;23;56;40,81;10791;Ship for U;28/07/2016
03/11/2016;32;11;40,88;10790;Freight Express;15/11/2016
28/02/2015;44;68;40,91;10789;One Liners;13/03/2015
06/03/2017;63;7;40,93;10788;One Liners;27/03/2017
09/09/2016;37;9;40,99;10787;One Liners;19/09/2016
24/10/2016;84;5;41,01;10786;Ship for U;26/10/2016
02/07/2015;25;68;41,02;10785;One Liners;18/07/2015
14/03/2016;59;14;41,07;10784;Ship for U;31/03/2016
17/02/2018;34;9;41,27;10783;One Liners;23/02/2018
15/07/2017;25;7;41,48;10782;One Liners;26/07/2017
30/07/2017;10;11;41,68;10781;Freight Express;09/08/2017
06/07/2017;32;11;41,89;10780;Freight Express;20/07/2017
21/11/2017;17;7;42,05;10779;One Liners;09/12/2017
29/01/2018;73;9;42,06;10778;One Liners;10/02/2018
24/09/2014;63;68;42,17;10777;One Liners;12/10/2014
16/07/2017;19;9;42,24;10776;One Liners;17/07/2017
19/09/2016;12;9;42,38;10775;One Liners;24/09/2016
29/07/2017;10;11;42,4;10774;Freight Express;01/08/2017
12/02/2017;17;7;42,52;10773;One Liners;27/02/2017
29/02/2016;47;9;42,6;10772;One Liners;14/03/2016
13/08/2016;19;2;42,61;10771;One Liners;23/08/2016
24/11/2016;73;3;42,65;10770;One Liners;26/11/2016
08/11/2016;80;11;42,88;10769;Freight Express;17/11/2016
10/09/2017;12;2;42,97;10768;One Liners;30/09/2017
21/08/2016;17;68;43,08;10767;One Liners;31/08/2016
24/03/2016;37;9;43,11;10766;One Liners;31/03/2016
28/01/2018;23;56;43,24;10765;Ship for U;15/02/2018
23/04/2016;86;7;43,26;10764;One Liners;25/04/2016
15/08/2015;39;3;43,29;10763;One Liners;24/08/2015
08/09/2016;44;7;43,34;10762;One Liners;20/09/2016
21/12/2016;63;7;43,34;10761;One Liners;30/12/2016
13/03/2017;1;7;43,41;10760;One Liners;26/03/2017
14/11/2017;12;3;43,45;10759;One Liners;29/11/2017
20/09/2016;49;56;43,47;10758;Ship for U;30/09/2016
08/10/2017;4;2;43,48;10757;One Liners;18/10/2017
14/09/2016;74;14;43,51;10756;Ship for U;24/09/2016
24/04/2017;73;9;43,65;10755;One Liners;09/05/2017
16/10/2017;19;9;43,67;10754;One Liners;21/10/2017
05/07/2016;79;7;43,68;10753;One Liners;20/07/2016
29/01/2017;45;11;43,69;10752;Freight Express;11/02/2017
15/09/2017;68;56;43,89;10751;Ship for U;19/09/2017
11/05/2017;37;9;43,9;10750;One Liners;17/05/2017
05/01/2017;87;68;44,05;10749;One Liners;20/01/2017
26/06/2015;23;56;44,07;10748;Ship for U;07/07/2015
19/08/2017;44;68;44,07;10747;One Liners;22/08/2017
28/11/2017;91;68;44,09;10746;One Liners;09/12/2017
13/10/2017;67;3;44,17;10745;One Liners;20/10/2017
02/01/2017;59;5;44,19;10744;Ship for U;09/01/2017
02/09/2016;59;5;44,22;10743;Ship for U;19/09/2016
12/02/2018;1;7;44,28;10742;One Liners;22/02/2018
26/03/2018;74;14;44,33;10741;Ship for U;09/04/2018
07/11/2017;32;11;44,38;10740;Freight Express;11/11/2017
22/02/2017;14;56;44,5;10739;Ship for U;08/03/2017
14/03/2017;44;7;44,62;10738;One Liners;29/03/2017
23/11/2015;37;3;44,7;10737;One Liners;11/12/2015
05/09/2017;89;3;44,72;10736;One Liners;13/09/2017
19/10/2016;35;3;44,73;10735;One Liners;01/11/2016
13/10/2016;79;7;44,79;10734;One Liners;25/10/2016
13/03/2017;19;3;44,92;10733;One Liners;29/03/2017
20/03/2017;17;7;45,01;10732;One Liners;02/04/2017
28/09/2016;21;3;45,26;10731;One Liners;11/10/2016
13/05/2016;5;9;45,37;10730;One Liners;18/05/2016
15/08/2017;82;11;45,44;10729;Freight Express;29/08/2017
13/02/2016;32;11;45,52;10728;Freight Express;25/02/2016
08/09/2014;91;68;45,53;10727;One Liners;28/09/2014
24/01/2017;32;11;45,54;10726;Freight Express;02/02/2017
18/01/2016;32;11;45,69;10725;Freight Express;21/01/2016
17/10/2017;48;11;45,7;10724;Freight Express;21/10/2017
19/04/2017;1;7;45,71;10723;One Liners;23/04/2017
08/07/2017;91;68;45,73;10722;One Liners;15/07/2017
13/08/2017;62;3;45,77;10721;One Liners;23/08/2017
28/03/2015;46;2;45,81;10720;One Liners;11/04/2015
09/04/2017;37;3;45,86;10719;One Liners;24/04/2017
22/07/2017;10;11;45,87;10718;Freight Express;23/07/2017
25/08/2017;47;9;45,91;10717;One Liners;04/09/2017
22/02/2017;32;11;46,19;10716;Freight Express;03/03/2017
03/08/2015;28;14;46,26;10715;Ship for U;14/08/2015
23/08/2016;19;9;46,29;10714;One Liners;11/09/2016
25/04/2017;84;14;46,32;10713;Ship for U;04/05/2017
15/11/2016;44;7;46,34;10712;One Liners;18/11/2016
08/07/2017;5;3;46,54;10711;One Liners;22/07/2017
28/11/2016;34;9;46,54;10710;One Liners;01/12/2016
24/03/2016;42;11;46,62;10709;Freight Express;02/04/2016
08/08/2015;20;14;46,63;10708;Ship for U;13/08/2015
26/08/2017;17;68;46,78;10707;One Liners;30/08/2017
04/10/2017;19;3;46,81;10706;One Liners;25/10/2017
02/02/2016;35;3;46,85;10705;One Liners;06/02/2016
27/07/2016;37;9;46,91;10704;One Liners;13/08/2016
22/11/2017;37;9;47,05;10703;One Liners;02/12/2017
29/12/2016;18;56;47,1;10702;Ship for U;07/01/2017
17/02/2016;3;9;47,43;10701;One Liners;28/02/2016
04/01/2017;34;9;47,52;10700;One Liners;19/01/2017
15/03/2017;23;56;47,54;10699;Ship for U;02/04/2017
16/12/2017;37;9;47,58;10698;One Liners;31/12/2017
12/03/2018;82;11;47,7;10697;Freight Express;26/03/2018
22/03/2018;39;9;47,74;10696;One Liners;30/03/2018
20/10/2016;82;11;47,74;10695;Freight Express;10/11/2016
04/10/2017;27;56;47,88;10694;Ship for U;18/10/2017
25/10/2017;63;7;47,94;10693;One Liners;26/10/2017
28/03/2017;25;68;47,97;10692;One Liners;31/03/2017
08/02/2017;1;7;48;10691;One Liners;24/02/2017
13/07/2016;59;5;48,05;10690;Ship for U;18/07/2016
30/09/2017;32;11;48,14;10689;Freight Express;15/10/2017
25/10/2015;67;2;48,38;10688;One Liners;01/11/2015
04/08/2015;37;9;48,41;10687;One Liners;21/08/2015
17/12/2017;11;3;48,47;10686;One Liners;28/12/2017
15/11/2017;76;14;48,54;10685;Ship for U;16/11/2017
24/08/2017;35;3;48,63;10684;One Liners;25/08/2017
13/08/2015;35;3;48,66;10683;One Liners;16/08/2015
23/01/2017;1;68;48,73;10682;One Liners;04/02/2017
01/05/2017;6;68;48,8;10681;One Liners;12/05/2017
16/07/2015;32;11;48,81;10680;Freight Express;30/07/2015
16/04/2016;19;2;49,18;10679;One Liners;27/04/2016
15/03/2015;32;11;49,19;10678;Freight Express;01/04/2015
16/08/2017;12;9;49,25;10677;One Liners;31/08/2017
06/07/2015;28;14;49,27;10676;Ship for U;11/07/2015
07/09/2015;19;9;49,41;10675;One Liners;16/09/2015
30/07/2016;73;3;49,41;10674;One Liners;13/08/2016
24/07/2017;55;11;49,5;10673;Freight Express;27/07/2017
09/01/2017;127;3;49,54;10672;One Liners;26/01/2017
03/05/2017;25;68;49,7;10671;One Liners;14/05/2017
03/10/2016;50;14;49,79;10670;Ship for U;17/10/2016
19/03/2018;44;7;49,81;10669;One Liners;01/04/2018
04/09/2015;12;2;49,83;10668;One Liners;13/09/2015
04/12/2017;63;68;49,83;10667;One Liners;13/12/2017
24/02/2017;80;11;49,84;10666;Freight Express;13/03/2017
27/09/2015;31;2;49,89;10665;One Liners;10/10/2015
03/05/2017;22;14;50;10664;Ship for U;17/05/2017
08/11/2017;63;68;50,43;10663;One Liners;21/11/2017
15/11/2014;5;2;50,46;10662;One Liners;03/12/2014
01/10/2015;59;14;50,46;10661;Ship for U;08/10/2015
28/08/2017;32;11;50,6;10660;Freight Express;10/09/2017
29/08/2016;53;2;50,65;10659;One Liners;04/09/2016
29/06/2017;40;14;50,66;10658;Ship for U;30/06/2017
23/08/2017;60;5;50,67;10657;Ship for U;02/09/2017
29/06/2017;8;14;50,83;10656;Ship for U;05/07/2017
05/08/2016;127;3;50,83;10655;One Liners;11/08/2016
21/10/2016;1;7;50,87;10654;One Liners;25/10/2016
07/09/2015;23;56;50,88;10653;Ship for U;23/09/2015
01/04/2018;37;9;51,05;10652;One Liners;15/04/2018
24/08/2016;59;5;51,06;10651;Ship for U;25/08/2016
06/09/2017;1;7;51,2;10650;One Liners;24/09/2017
25/03/2016;63;7;51,42;10649;One Liners;09/04/2016
24/05/2015;7;14;51,48;10648;Ship for U;26/05/2015
03/05/2017;26;7;51,61;10647;One Liners;15/05/2017
20/07/2017;63;68;51,74;10646;One Liners;03/08/2017
01/04/2016;35;3;51,87;10645;One Liners;08/04/2016
16/02/2016;7;14;51,88;10644;Ship for U;25/02/2016
09/09/2017;5;9;51,98;10643;One Liners;14/09/2017
21/12/2016;2;2;52,09;10642;One Liners;02/01/2017
17/11/2016;23;56;52,12;10641;Ship for U;19/11/2016
31/10/2017;25;7;52,14;10640;One Liners;17/11/2017
05/08/2016;5;9;52,19;10639;One Liners;13/08/2016
06/11/2017;35;9;52,24;10638;One Liners;08/11/2017
21/09/2016;3;9;52,32;10637;One Liners;07/10/2016
28/01/2015;1;68;52,33;10636;One Liners;06/02/2015
26/09/2016;18;56;52,39;10635;Ship for U;08/10/2016
27/02/2017;27;56;52,47;10634;Ship for U;14/03/2017
10/10/2017;39;3;52,68;10633;One Liners;12/10/2017
17/07/2017;59;14;52,68;10632;Ship for U;31/07/2017
26/02/2017;25;68;52,7;10631;One Liners;11/03/2017
10/08/2017;7;14;52,73;10630;Ship for U;23/08/2017
16/01/2017;24;68;52,83;10629;One Liners;27/01/2017
13/04/2017;46;9;53,04;10628;One Liners;25/04/2017
23/11/2016;86;68;53,05;10627;One Liners;26/11/2016
06/09/2017;75;11;53,13;10626;Freight Express;26/09/2017
21/09/2017;54;3;53,25;10625;One Liners;04/10/2017
11/09/2016;41;5;53,28;10624;Ship for U;25/09/2016
11/03/2018;1;68;53,36;10623;One Liners;22/03/2018
26/10/2017;32;11;53,37;10622;Freight Express;09/11/2017
25/08/2017;81;9;53,41;10621;One Liners;06/09/2017
06/04/2017;31;3;53,6;10620;One Liners;07/04/2017
30/01/2018;19;9;53,64;10619;One Liners;05/02/2018
05/07/2017;23;56;53,7;10618;Ship for U;25/07/2017
06/08/2017;127;3;53,78;10617;One Liners;20/08/2017
06/03/2018;56;7;53,8;10616;One Liners;11/03/2018
20/08/2016;35;9;53,85;10615;One Liners;26/08/2016
27/10/2016;17;7;54,09;10614;One Liners;02/11/2016
11/06/2017;68;56;54,14;10613;Ship for U;13/06/2017
20/11/2015;63;68;54,18;10612;One Liners;09/12/2015
19/02/2017;79;7;54,2;10611;One Liners;24/02/2017
02/09/2017;34;3;54,23;10610;One Liners;10/09/2017
06/08/2015;89;3;54,26;10609;One Liners;07/08/2015
26/09/2017;23;56;54,31;10608;Ship for U;14/10/2017
07/05/2016;80;11;54,41;10607;Freight Express;09/05/2016
03/08/2017;35;9;54,57;10606;One Liners;06/08/2017
08/09/2017;63;68;54,62;10605;One Liners;16/09/2017
24/10/2017;80;11;54,66;10604;Freight Express;06/11/2017
09/06/2016;79;7;54,75;10603;One Liners;10/06/2016
12/03/2016;79;68;54,79;10602;One Liners;22/03/2016
26/07/2017;37;9;54,81;10601;One Liners;31/07/2017
28/12/2016;3;3;54,83;10600;One Liners;07/01/2017
19/09/2016;6;7;54,96;10599;One Liners;26/09/2016
23/07/2017;6;68;55,03;10598;One Liners;27/07/2017
17/03/2017;73;3;55,07;10597;One Liners;18/03/2017
06/05/2015;5;3;55,42;10596;One Liners;16/05/2015
12/04/2015;56;68;55,48;10595;One Liners;25/04/2015
06/03/2018;63;7;55,52;10594;One Liners;07/03/2018
13/11/2017;63;7;55,53;10593;One Liners;14/11/2017
07/07/2017;80;11;55,53;10592;Freight Express;08/07/2017
02/01/2017;37;3;55,58;10591;One Liners;21/01/2017
30/06/2017;75;11;55,91;10590;Freight Express;20/07/2017
12/10/2015;39;9;56,09;10589;One Liners;19/10/2015
24/10/2016;51;11;56,22;10588;Freight Express;04/11/2016
06/07/2017;35;9;56,23;10587;One Liners;21/07/2017
24/07/2017;87;7;56,23;10586;One Liners;06/08/2017
15/07/2015;54;3;56,3;10585;One Liners;30/07/2015
12/01/2017;79;68;56,3;10584;One Liners;15/01/2017
08/08/2016;44;68;56,31;10583;One Liners;11/08/2016
15/03/2017;24;7;56,37;10582;One Liners;22/03/2017
24/06/2017;50;14;56,57;10581;Ship for U;08/07/2017
24/12/2017;79;68;56,62;10580;One Liners;01/01/2018
14/11/2016;30;14;56,71;10579;Ship for U;29/11/2016
05/06/2015;32;11;56,71;10578;Freight Express;19/06/2015
15/08/2016;23;56;56,88;10577;Ship for U;25/08/2016
02/06/2017;79;7;56,88;10576;One Liners;08/06/2017
24/03/2017;56;68;56,99;10575;One Liners;27/03/2017
06/03/2017;82;11;57,06;10574;Freight Express;15/03/2017
14/06/2017;32;11;57,08;10573;Freight Express;28/06/2017
14/10/2016;89;3;57,12;10572;One Liners;22/10/2016
31/07/2017;82;11;57,13;10571;Freight Express;11/08/2017
12/02/2018;44;7;57,17;10570;One Liners;02/03/2018
20/09/2016;63;68;57,2;10569;One Liners;06/10/2016
18/03/2018;28;5;57,21;10568;Ship for U;26/03/2018
06/03/2015;75;11;57,37;10567;Freight Express;15/03/2015
06/08/2017;89;9;57,37;10566;One Liners;17/08/2017
26/04/2017;76;14;57,51;10565;Ship for U;02/05/2017
04/08/2017;6;7;57,52;10564;One Liners;13/08/2017
22/07/2017;18;56;57,94;10563;Ship for U;07/08/2017
04/01/2018;73;9;58,04;10562;One Liners;17/01/2018
07/04/2018;42;11;58,1;10561;Freight Express;18/04/2018
17/09/2017;44;7;58,11;10560;One Liners;28/09/2017
15/11/2017;63;7;58,13;10559;One Liners;30/11/2017
02/08/2016;59;5;58,26;10558;Ship for U;12/08/2016
01/07/2015;62;2;58,3;10557;One Liners;03/07/2015
28/08/2017;9;5;58,43;10556;Ship for U;16/09/2017
04/06/2017;47;3;58,44;10555;One Liners;22/06/2017
11/10/2017;49;56;58,64;10554;Ship for U;27/10/2017
22/03/2018;49;56;58,68;10553;Ship for U;04/04/2018
31/01/2015;51;11;58,76;10552;Freight Express;06/02/2015
30/11/2017;1;7;58,77;10551;One Liners;21/12/2017
27/04/2017;84;14;58,8;10550;Ship for U;16/05/2017
29/01/2017;37;3;58,82;10549;One Liners;13/02/2017
06/09/2016;25;7;58,95;10548;One Liners;21/09/2016
25/04/2016;19;9;59,24;10547;One Liners;03/05/2016
17/08/2016;7;5;59,28;10546;Ship for U;24/08/2016
22/06/2017;19;9;59,3;10545;One Liners;11/07/2017
18/03/2017;1;7;59,39;10544;One Liners;30/03/2017
26/08/2016;72;9;59,44;10543;One Liners;28/08/2016
07/11/2017;2;3;59,53;10542;One Liners;18/11/2017
29/08/2017;91;68;59,53;10541;One Liners;12/09/2017
20/12/2016;5;3;59,59;10540;One Liners;31/12/2016
18/07/2017;17;7;59,59;10539;One Liners;23/07/2017
21/11/2016;79;7;59,71;10538;One Liners;02/12/2016
29/11/2017;37;3;59,74;10537;One Liners;16/12/2017
04/12/2016;37;9;59,87;10536;One Liners;20/12/2016
20/09/2015;56;68;60,12;10535;One Liners;04/10/2015
22/09/2017;47;9;60,14;10534;One Liners;07/10/2017
02/08/2017;63;68;60,32;10533;One Liners;15/08/2017
01/08/2016;1;7;60,34;10532;One Liners;18/08/2016
23/03/2017;33;9;60,35;10531;One Liners;07/04/2017
22/06/2015;35;3;60,61;10530;One Liners;06/07/2015
22/12/2015;48;11;60,66;10529;Freight Express;06/01/2016
30/08/2017;1;7;60,73;10528;One Liners;06/09/2017
01/11/2016;19;3;60,78;10527;One Liners;03/11/2016
13/10/2017;17;68;60,79;10526;One Liners;27/10/2017
06/05/2015;44;68;60,85;10525;One Liners;08/05/2015
30/11/2016;50;5;60,92;10524;Ship for U;14/12/2016
07/11/2016;1;68;60,94;10523;One Liners;25/11/2016
17/06/2015;23;56;61;10522;Ship for U;08/07/2015
12/03/2017;19;3;61,04;10521;One Liners;30/03/2017
15/06/2015;89;3;61,04;10520;One Liners;24/06/2015
04/12/2016;23;56;61,06;10519;Ship for U;13/12/2016
21/08/2017;87;7;61,15;10518;One Liners;01/09/2017
26/07/2017;82;11;61,24;10517;Freight Express;29/07/2017
16/03/2018;10;11;61,5;10516;Freight Express;22/03/2018
16/12/2016;39;3;61,52;10515;One Liners;31/12/2016
18/03/2016;44;7;61,57;10514;One Liners;28/03/2016
05/07/2017;54;3;61,59;10513;One Liners;22/07/2017
07/07/2016;5;3;61,64;10512;One Liners;27/07/2016
26/01/2017;11;3;61,67;10511;One Liners;05/02/2017
29/07/2016;64;2;61,82;10510;One Liners;11/08/2016
19/09/2016;51;11;61,99;10509;Freight Express;05/10/2016
06/07/2017;61;3;62;10508;One Liners;13/07/2017
26/12/2016;7;5;62,06;10507;Ship for U;11/01/2017
18/03/2015;37;2;62,31;10506;One Liners;02/04/2015
16/08/2016;59;5;62,36;10505;Ship for U;31/08/2016
18/07/2015;5;9;62,54;10504;One Liners;21/07/2015
31/01/2017;63;68;62,62;10503;One Liners;11/02/2017
25/12/2016;3;9;62,67;10502;One Liners;06/01/2017
21/03/2015;61;2;62,83;10501;One Liners;02/04/2015
02/10/2016;87;7;62,91;10500;One Liners;07/10/2016
08/07/2015;60;14;62,95;10499;Ship for U;15/07/2015
17/07/2017;30;5;63,01;10498;Ship for U;19/07/2017
18/04/2017;56;7;63,08;10497;One Liners;01/05/2017
13/02/2017;19;3;63,14;10496;One Liners;05/03/2017
16/11/2016;86;7;63,3;10495;One Liners;07/12/2016
07/07/2017;63;68;63,32;10494;One Liners;11/07/2017
03/09/2016;32;11;63,37;10493;Freight Express;06/09/2016
05/02/2017;19;3;63,55;10492;One Liners;16/02/2017
12/12/2016;37;3;63,6;10491;One Liners;15/12/2016
13/02/2017;37;9;63,69;10490;One Liners;02/03/2017
13/08/2015;51;11;63,71;10489;Freight Express;27/08/2015
23/10/2017;61;2;63,78;10488;One Liners;25/10/2017
02/08/2017;59;14;63,94;10487;Ship for U;12/08/2017
01/08/2017;37;9;63,98;10486;One Liners;06/08/2017
06/03/2018;46;3;64,04;10485;One Liners;17/03/2018
03/06/2017;25;68;64,1;10484;One Liners;18/06/2017
27/09/2016;45;11;64,13;10483;Freight Express;14/10/2016
05/09/2016;19;3;64,15;10482;One Liners;10/09/2016
26/02/2018;16;3;64,28;10481;One Liners;11/03/2018
22/04/2016;63;7;64,34;10480;One Liners;06/05/2016
19/11/2017;73;3;64,34;10479;One Liners;27/11/2017
28/07/2017;80;11;64,44;10478;Freight Express;06/08/2017
09/09/2015;19;3;64,55;10477;One Liners;19/09/2015
20/03/2016;41;5;64,69;10476;Ship for U;31/03/2016
13/11/2016;1;7;64,75;10475;One Liners;16/11/2016
06/05/2015;23;56;64,82;10474;Ship for U;20/05/2015
16/01/2017;62;2;64,83;10473;One Liners;21/01/2017
26/02/2017;19;3;64,91;10472;One Liners;13/03/2017
11/03/2018;73;9;64,93;10471;One Liners;22/03/2018
19/08/2017;81;2;64,98;10470;One Liners;01/09/2017
14/02/2015;42;11;65,12;10469;Freight Express;01/03/2015
10/08/2016;62;2;65,19;10468;One Liners;30/08/2016
01/07/2017;82;11;65,21;10467;Freight Express;23/07/2017
21/11/2016;44;7;65,41;10466;One Liners;22/11/2016
08/01/2017;79;7;65,47;10465;One Liners;14/01/2017
20/02/2017;23;56;65,51;10464;Ship for U;27/02/2017
17/03/2015;19;3;65,53;10463;One Liners;28/03/2015
27/04/2015;27;56;65,54;10462;Ship for U;29/04/2015
02/06/2017;66;56;65,62;10461;Ship for U;16/06/2017
10/09/2017;32;11;65,67;10460;Freight Express;25/09/2017
08/08/2016;81;2;65,67;10459;One Liners;16/08/2016
12/01/2017;8;5;65,69;10458;Ship for U;19/01/2017
14/09/2017;66;56;65,71;10457;Ship for U;15/09/2017
01/11/2016;35;9;65,88;10456;One Liners;17/11/2016
14/02/2017;19;9;65,96;10455;One Liners;15/02/2017
22/09/2014;46;2;65,97;10454;One Liners;06/10/2014
05/04/2015;5;2;66,07;10453;One Liners;21/04/2015
06/03/2015;41;14;66,09;10452;Ship for U;16/03/2015
29/03/2017;17;68;66,11;10451;One Liners;06/04/2017
11/10/2017;65;3;66,11;10450;One Liners;21/10/2017
16/08/2017;73;3;66,2;10449;One Liners;29/08/2017
29/08/2015;63;68;66,26;10448;One Liners;31/08/2015
19/11/2017;46;2;66,34;10447;One Liners;04/12/2017
26/12/2015;48;11;66,34;10446;Freight Express;07/01/2016
02/07/2016;19;3;66,44;10445;One Liners;09/07/2016
19/09/2015;39;9;66,45;10444;One Liners;07/10/2015
19/10/2017;81;3;66,49;10443;One Liners;08/11/2017
14/10/2017;34;3;66,54;10442;One Liners;24/10/2017
17/12/2017;80;11;66,61;10441;Freight Express;28/12/2017
10/10/2016;51;11;66,64;10440;Freight Express;30/10/2016
27/12/2016;63;7;66,69;10439;One Liners;04/01/2017
03/11/2016;32;11;66,7;10438;Freight Express;18/11/2016
03/08/2017;12;9;66,77;10437;One Liners;16/08/2017
28/05/2017;24;7;67,01;10436;One Liners;08/06/2017
13/03/2018;34;9;67,07;10435;One Liners;20/03/2018
08/07/2017;21;2;67,33;10434;One Liners;18/07/2017
12/10/2017;82;11;67,33;10433;Freight Express;29/10/2017
22/03/2018;69;5;67,37;10432;Ship for U;23/03/2018
28/09/2017;35;3;67,39;10431;One Liners;07/10/2017
28/10/2016;41;14;67,44;10430;Ship for U;04/11/2016
25/04/2016;44;7;67,45;10429;One Liners;01/05/2016
08/08/2016;47;2;67,48;10428;One Liners;18/08/2016
22/06/2015;79;68;67,5;10427;One Liners;01/07/2015
20/09/2016;34;3;67,56;10426;One Liners;27/09/2016
04/03/2015;73;3;67,63;10425;One Liners;05/03/2015
17/03/2015;37;3;67,66;10424;One Liners;26/03/2015
01/01/2017;21;3;67,71;10423;One Liners;15/01/2017
10/01/2016;25;68;67,88;10422;One Liners;14/01/2016
17/04/2017;38;9;67,88;10421;One Liners;18/04/2017
09/06/2017;34;9;67,89;10420;One Liners;15/06/2017
27/02/2017;1;68;67,91;10419;One Liners;01/03/2017
26/10/2016;79;68;67,94;10418;One Liners;14/11/2016
13/03/2017;44;68;67,96;10417;One Liners;18/03/2017
30/04/2017;1;68;68;10416;One Liners;19/05/2017
21/10/2017;17;7;68,14;10415;One Liners;01/11/2017
11/01/2017;80;11;68,35;10414;Freight Express;31/01/2017
04/07/2016;44;7;68,53;10413;One Liners;22/07/2016
14/03/2017;80;11;68,55;10412;Freight Express;26/03/2017
18/03/2018;7;14;68,66;10411;Ship for U;30/03/2018
06/03/2018;63;7;68,67;10410;One Liners;19/03/2018
04/08/2017;53;2;68,79;10409;One Liners;15/08/2017
23/05/2017;39;9;68,97;10408;One Liners;14/06/2017
30/07/2015;80;11;69,02;10407;Freight Express;10/08/2015
23/12/2017;35;3;69,03;10406;One Liners;01/01/2018
27/07/2017;59;14;69,16;10405;Ship for U;28/07/2017
14/07/2017;30;14;69,21;10404;Ship for U;23/07/2017
03/11/2014;33;3;69,28;10403;One Liners;04/11/2014
11/01/2017;52;7;69,3;10402;One Liners;20/01/2017
04/12/2017;34;9;69,37;10401;One Liners;16/12/2017
15/05/2017;79;7;69,5;10400;One Liners;24/05/2017
11/01/2018;60;14;69,59;10399;Ship for U;15/01/2018
22/08/2017;32;11;69,62;10398;Freight Express;01/09/2017
03/08/2015;19;2;69,81;10397;One Liners;09/08/2015
15/03/2017;20;5;69,82;10396;Ship for U;24/03/2017
17/07/2016;80;11;69,84;10395;Freight Express;01/08/2016
14/11/2017;32;11;69,94;10394;Freight Express;25/11/2017
27/03/2017;63;68;69,96;10393;One Liners;28/03/2017
19/09/2016;20;14;70,13;10392;Ship for U;22/09/2016
30/10/2015;73;9;70,25;10391;One Liners;01/11/2015
01/05/2017;20;5;70,27;10390;Ship for U;09/05/2017
25/09/2016;51;11;70,35;10389;Freight Express;03/10/2016
16/02/2017;4;9;70,43;10388;One Liners;01/03/2017
18/01/2017;9;5;70,49;10387;Ship for U;02/02/2017
15/12/2017;73;9;70,49;10386;One Liners;29/12/2017
06/08/2015;16;3;70,53;10385;One Liners;19/08/2015
27/07/2017;30;14;70,66;10384;Ship for U;09/08/2017
07/09/2015;73;3;70,9;10383;One Liners;29/09/2015
12/03/2015;23;56;70,91;10382;Ship for U;20/03/2015
25/09/2014;67;2;70,97;10381;One Liners;14/10/2014
15/12/2016;68;56;71,03;10380;Ship for U;27/12/2016
04/03/2017;79;68;71,09;10379;One Liners;16/03/2017
05/09/2017;59;5;71,22;10378;Ship for U;10/09/2017
03/09/2016;37;9;71,33;10377;One Liners;20/09/2016
25/07/2015;63;68;71,42;10376;One Liners;05/08/2015
13/12/2014;49;56;71,44;10375;Ship for U;27/12/2014
18/10/2016;11;9;71,49;10374;One Liners;02/11/2016
04/12/2017;79;7;71,49;10373;One Liners;20/12/2017
17/06/2017;79;68;71,52;10372;One Liners;27/06/2017
23/06/2016;37;3;71,58;10371;One Liners;09/07/2016
24/11/2015;63;68;71,59;10370;One Liners;29/11/2015
03/05/2017;40;5;71,69;10369;Ship for U;17/05/2017
14/03/2016;23;56;71,84;10368;Ship for U;30/03/2016
24/03/2017;82;11;71,84;10367;Freight Express;10/04/2017
29/03/2015;19;3;72,13;10366;One Liners;10/04/2015
09/11/2015;1;68;72,33;10365;One Liners;24/11/2015
06/12/2015;59;14;72,37;10364;Ship for U;10/12/2015
30/11/2017;62;3;72,38;10363;One Liners;14/12/2017
02/08/2017;17;68;72,45;10362;One Liners;05/08/2017
05/09/2017;37;9;72,53;10361;One Liners;20/09/2017
23/08/2017;82;11;72,57;10360;Freight Express;07/09/2017
06/10/2016;32;11;72,58;10359;Freight Express;20/10/2016
01/09/2017;32;11;72,67;10358;Freight Express;08/09/2017
29/05/2017;89;3;72,68;10357;One Liners;16/06/2017
15/06/2015;32;11;72,69;10356;Freight Express;21/06/2015
25/01/2017;9;5;72,7;10355;Ship for U;12/02/2017
25/09/2016;17;7;72,72;10354;One Liners;07/10/2016
30/07/2015;49;56;72,73;10353;Ship for U;08/08/2015
30/05/2017;74;14;72,85;10352;Ship for U;07/06/2017
16/06/2015;37;3;72,95;10351;One Liners;21/06/2015
01/09/2017;38;9;72,95;10350;One Liners;04/09/2017
13/03/2015;39;3;73,01;10349;One Liners;15/03/2015
24/06/2017;28;5;73,12;10348;Ship for U;09/07/2017
19/04/2015;21;3;73,13;10347;One Liners;27/04/2015
27/03/2017;31;3;73,17;10346;One Liners;11/04/2017
03/03/2017;31;2;73,2;10345;One Liners;14/03/2017
29/11/2017;44;7;73,21;10344;One Liners;10/12/2017
22/11/2016;70;3;73,3;10343;One Liners;30/11/2016
30/08/2016;32;11;73,33;10342;Freight Express;08/09/2016
02/02/2017;21;3;73,38;10341;One Liners;13/02/2017
21/08/2017;27;56;73,39;10340;Ship for U;04/09/2017
20/07/2017;73;3;73,49;10339;One Liners;03/08/2017
15/06/2015;37;3;73,65;10338;One Liners;28/06/2015
06/03/2017;1;68;73,7;10337;One Liners;20/03/2017
09/12/2016;67;3;73,71;10336;One Liners;22/12/2016
12/07/2016;62;2;73,88;10335;One Liners;23/07/2016
16/07/2017;42;11;73,93;10334;Freight Express;24/07/2017
05/08/2017;27;56;73,95;10333;Ship for U;10/08/2017
22/01/2017;44;7;73,98;10332;One Liners;06/02/2017
24/06/2017;62;3;74,31;10331;One Liners;06/07/2017
06/03/2017;19;9;74,71;10330;One Liners;08/03/2017
24/01/2017;19;9;74,75;10329;One Liners;07/02/2017
02/01/2018;73;9;74,76;10328;One Liners;17/01/2018
30/01/2018;23;56;74,8;10327;Ship for U;09/02/2018
05/08/2015;19;9;74,82;10326;One Liners;26/08/2015
02/05/2017;19;3;74,83;10325;One Liners;11/05/2017
04/04/2018;8;14;74,91;10324;Ship for U;18/04/2018
04/12/2016;32;11;74,96;10323;Freight Express;20/12/2016
15/05/2017;24;7;74,98;10322;One Liners;30/05/2017
14/09/2015;58;68;75,02;10321;One Liners;15/09/2015
02/10/2016;7;5;75,08;10320;Ship for U;05/10/2016
05/08/2017;37;3;75,08;10319;One Liners;15/08/2017
22/11/2016;47;2;75,11;10318;One Liners;28/11/2016
14/03/2017;34;3;75,12;10317;One Liners;28/03/2017
28/09/2016;56;7;75,2;10316;One Liners;08/10/2016
06/11/2016;51;11;75,31;10315;Freight Express;11/11/2016
30/03/2016;59;14;75,33;10314;Ship for U;02/04/2016
07/08/2016;23;56;75,34;10313;Ship for U;08/08/2016
24/12/2015;34;9;75,44;10312;One Liners;27/12/2015
11/04/2015;47;2;75,65;10311;One Liners;28/04/2015
04/09/2017;19;9;75,66;10310;One Liners;13/09/2017
21/07/2017;37;3;75,77;10309;One Liners;03/08/2017
12/03/2016;35;9;75,83;10308;One Liners;25/03/2016
01/08/2016;32;11;75,84;10307;Freight Express;05/08/2016
27/07/2015;79;68;75,97;10306;One Liners;02/08/2015
21/03/2015;75;11;75,98;10305;Freight Express;06/04/2015
02/08/2017;1;68;76,13;10304;One Liners;20/08/2017
17/06/2015;73;9;76,16;10303;One Liners;08/07/2015
30/06/2017;35;9;76,17;10302;One Liners;14/07/2017
07/09/2016;80;11;76,2;10301;Freight Express;09/09/2016
02/10/2017;80;11;76,28;10300;Freight Express;10/10/2017
10/06/2017;29;14;76,32;10299;Ship for U;27/06/2017
18/01/2017;80;11;76,35;10298;Freight Express;27/01/2017
21/08/2017;56;68;76,36;10297;One Liners;03/09/2017
09/04/2017;84;14;76,36;10296;Ship for U;24/04/2017
12/10/2016;51;11;76,39;10295;Freight Express;31/10/2016
30/07/2014;25;68;76,43;10294;One Liners;11/08/2014
04/05/2017;44;7;76,44;10293;One Liners;11/05/2017
06/03/2017;80;11;76,47;10292;Freight Express;09/03/2017
20/10/2017;42;11;76,57;10291;Freight Express;21/10/2017
28/07/2016;37;3;76,68;10290;One Liners;07/08/2016
05/02/2018;44;7;76,7;10289;One Liners;16/02/2018
27/07/2015;23;56;76,76;10288;Ship for U;13/08/2015
28/04/2016;37;9;76,87;10287;One Liners;06/05/2016
04/11/2017;41;14;76,9;10286;Ship for U;07/11/2017
23/03/2018;37;9;77,11;10285;One Liners;10/04/2018
15/02/2016;51;11;77,13;10284;Freight Express;29/02/2016
25/11/2016;66;56;77,13;10283;Ship for U;09/12/2016
16/11/2017;29;5;77,14;10282;Ship for U;03/12/2017
09/09/2017;37;3;77,16;10281;One Liners;21/09/2017
24/08/2016;25;68;77,22;10280;One Liners;02/09/2016
02/02/2018;25;7;77,29;10279;One Liners;14/02/2018
09/06/2016;7;5;77,37;10278;Ship for U;21/06/2016
08/01/2016;23;56;77,38;10277;Ship for U;09/01/2016
26/07/2016;1;68;77,41;10276;One Liners;30/07/2016
01/09/2017;1;68;77,43;10275;One Liners;05/09/2017
11/06/2015;15;2;77,44;10274;One Liners;28/06/2015
12/11/2017;1;7;77,65;10273;One Liners;23/11/2017
27/03/2017;81;2;77,76;10272;One Liners;06/04/2017
20/11/2017;44;68;77,77;10271;One Liners;05/12/2017
07/01/2017;63;7;78;10270;One Liners;22/01/2017
12/11/2017;19;9;78,04;10269;One Liners;19/11/2017
21/06/2017;1;7;78,07;10268;One Liners;26/06/2017
18/10/2017;32;11;78,1;10267;Freight Express;24/10/2017
29/10/2015;37;9;78,18;10266;One Liners;12/11/2015
10/03/2017;76;14;78,21;10265;Ship for U;23/03/2017
10/01/2018;73;9;78,29;10264;One Liners;15/01/2018
09/12/2014;37;2;78,52;10263;One Liners;14/12/2014
14/08/2017;75;11;78,52;10262;Freight Express;24/08/2017
30/11/2016;81;2;78,59;10261;One Liners;16/12/2016
17/04/2017;59;14;78,73;10260;Ship for U;21/04/2017
17/02/2016;29;14;78,77;10259;Ship for U;03/03/2016
30/01/2017;30;14;78,79;10258;Ship for U;03/02/2017
06/02/2016;23;56;79,13;10257;Ship for U;23/02/2016
12/10/2017;34;2;79,17;10256;One Liners;24/10/2017
25/04/2017;37;9;79,18;10255;One Liners;11/05/2017
29/06/2017;40;5;79,19;10254;Ship for U;09/07/2017
31/03/2018;17;68;79,24;10253;One Liners;11/04/2018
26/09/2016;42;11;79,63;10252;Freight Express;12/10/2016
10/02/2017;1;7;79,64;10251;One Liners;18/02/2017
16/07/2017;47;3;79,78;10250;One Liners;18/07/2017
05/03/2017;1;7;79,86;10249;One Liners;16/03/2017
09/06/2016;42;11;79,96;10248;Freight Express;26/06/2016
